Countries and regions,Doses administered,Enough for % of people,given 1+ dose,fully vaccinated,Daily rate of doses administered
Global Total,6172363261,–,–,–,31740869
Mainland China,2200202000,78.6,78.6,73.0,3223429
India,870566939,31.8,46.2,16.4,7488509
EU,562942153,63.4,67.2,64.6,999304
U.S.,390114328,60.9,64.3,55.3,716762
Brazil,232250878,56.3,71.1,41.4,3757702
Japan,159494782,63.2,68.9,57.4,1026446
Indonesia,136941018,25.7,32.2,18.1,1755924
Turkey,108344725,65.1,64.4,52.7,386308
Germany,107030469,64.4,67.8,64.1,194734
Mexico,99366403,38.9,49.7,34.9,532540
France,93817818,72.4,77.4,74.4,435139
U.K.,93500858,70.0,73.0,67.0,63103
England,78384657,69.6,72.6,66.6,55302
London,11199466,62.5,65.5,59.5,10060
Scotland,8011498,73.3,76.5,70.1,6159
Wales,4589226,72.8,75.2,70.4,378
Northern Ireland,2515477,66.4,69.2,63.6,1264
Russia,89682021,30.6,32.4,28.4,220487
Italy,84158581,69.7,74.3,74.4,222470
Pakistan,76141484,18.6,27.5,12.5,686980
Spain,69867532,75.1,80.9,78.4,76386
South Korea,61329870,59.3,73.7,44.9,374506
Canada,55964812,74.6,76.2,70.6,109885
Ontario,21672304,74.6,76.4,70.9,38277
Quebec,13043281,76.8,78.1,74.1,17082
British Columbia,7802535,76.8,78.9,72.2,13033
Alberta,6013277,69.0,70.3,62.9,28075
Manitoba,1974558,72.2,74.1,69.5,2033
Saskatchewan,1548690,66.1,67.5,60.7,3712
Nova Scotia,1500471,77.5,79.7,73.7,2030
New Brunswick,1165663,75.1,76.8,69.6,3105
Newfoundland and Labrador,811069,77.4,80.8,72.9,1077
Prince Edward Island,251706,80.3,83.2,76.3,1121
Northwest Territories,69242,76.7,66.2,61.9,81
Yukon,66211,80.2,79.0,75.2,48
Nunavut,45805,59.4,63.0,55.3,57
Argentina,51153324,56.9,65.6,47.7,260261
Thailand,46023016,33.1,42.4,22.8,567300
Philippines,43933886,20.5,23.5,18.9,359982
Iran,43372270,26.0,35.5,16.8,1368407
Malaysia,42699197,65.5,70.1,60.3,290646
Saudi Arabia,41770521,61.3,68.4,54.2,104852
Bangladesh,40976791,12.3,14.8,9.8,510835
Morocco,40273386,56.6,61.6,51.6,262478
Colombia,39610550,39.3,50.9,32.6,166927
Vietnam,38367246,19.9,31.5,8.2,610286
Poland,37147012,48.9,52.0,51.0,27470
Chile,31552753,82.6,78.5,73.8,109571
Australia,26806343,52.5,62.8,41.7,287756
Sri Lanka,26002445,59.6,65.9,53.2,162348
Peru,25683070,38.7,46.4,30.8,247857
Cambodia,23830570,72.2,79.6,66.0,239722
Netherlands,23440062,68.0,70.3,63.6,19363
Ecuador,20571335,59.6,64.2,57.0,16381
Cuba,19991460,88.2,78.4,43.4,300725
UAE,19872799,92.4,85.9,76.0,55176
Uzbekistan,18526941,27.9,29.4,11.1,155946
Ukraine,17699201,21.2,29.3,13.1,175972
South Africa,16999722,16.2,20.7,14.3,119548
Belgium,16623734,72.6,74.8,73.1,21138
Portugal,15944324,77.6,86.9,84.0,31090
Egypt,15057720,7.6,9.7,5.5,299053
Israel,14958007,82.6,67.3,62.1,28216
Taiwan,14430076,30.6,52.0,9.1,163068
Algeria,14082920,16.2,13.9,9.6,292376
Venezuela,14050000,25.3,31.6,18.9,246316
Kazakhstan,13932708,37.4,40.3,34.3,56655
Sweden,13607052,65.9,69.0,62.8,35743
Nepal,12645634,22.2,23.2,21.2,134788
Greece,12066901,56.3,59.8,56.5,22529
Dominican Republic,11798933,57.0,58.2,55.5,23075
Czech Republic,11779255,55.3,57.0,55.8,9196
Hungary,11167215,57.1,60.2,57.6,5617
Austria,10792944,60.9,64.4,60.8,10382
Switzerland,10330401,60.4,64.1,55.3,28561
Liechtenstein,46714,–,–,–,194
Romania,10071932,26.0,28.2,27.5,16658
Singapore,9286999,81.4,82.1,79.2,22820
Myanmar,9001616,8.5,10.5,6.6,163440
Denmark,8811697,75.9,76.7,75.1,4823
Hong Kong,8600780,57.2,59.4,55.0,27967
Azerbaijan,8349945,41.8,47.2,36.4,53342
Norway,7747721,72.3,77.2,67.5,18880
Finland,7523495,68.2,74.8,61.6,20972
Iraq,7448300,9.5,11.7,7.3,110874
Tunisia,7425277,31.5,40.5,29.0,41843
El Salvador,7349843,56.9,62.5,51.3,28000
Ireland,7195154,72.7,76.1,74.0,9286
Jordan,6942596,34.5,36.5,32.2,16609
Guatemala,6682813,19.0,24.8,13.0,76298
Bolivia,6651655,28.8,36.7,26.7,29787
Nigeria,6552979,1.6,2.3,0.9,52334
Serbia,6409263,46.0,43.4,41.4,18286
Uruguay,6190557,88.0,77.6,72.9,22438
Panama,5367816,63.6,69.7,57.5,16408
Costa Rica,5278479,52.0,64.5,39.5,8303
Zimbabwe,5234875,17.6,20.4,14.7,31405
Honduras,5196072,26.6,32.8,20.4,46577
New Zealand,5045901,51.2,65.8,36.7,40461
Slovakia,4755737,43.6,44.8,41.2,5792
Qatar,4696753,84.0,84.4,79.4,4560
Oman,4636486,55.3,67.0,43.5,74904
Mongolia,4545348,68.9,68.3,64.5,16573
Paraguay,4488153,31.4,36.7,26.1,9811
Laos,4402770,30.7,39.1,26.7,9906
Tajikistan,3872421,20.8,24.8,16.8,70941
Mozambique,3644423,5.8,6.1,5.6,54234
Kenya,3613357,3.8,5.7,1.9,34110
Ethiopia,3535329,1.8,2.9,0.8,50101
Rwanda,3409470,13.7,16.4,11.6,17256
Croatia,3408049,41.9,44.4,41.6,5675
Belarus,3389520,17.9,19.8,16.0,26145
Lithuania,3339375,60.0,61.8,58.2,21363
Angola,3134137,5.2,7.1,3.3,44858
Afghanistan,3133227,4.2,2.6,1.2,765279
Lebanon,2929966,21.4,23.5,19.3,28922
Bahrain,2561756,86.3,78.4,74.9,3352
Bulgaria,2513769,18.1,17.3,18.9,6080
Kuwait,2380000,25.1,56.2,19.4,12990
Slovenia,2107230,52.0,54.0,47.9,6696
Uganda,2058553,2.6,4.1,1.0,90201
Ivory Coast,1968171,3.7,5.6,1.4,29585
Senegal,1784832,5.5,7.6,3.5,2395
Georgia,1749457,23.5,26.1,20.9,13488
Guinea,1699898,6.2,8.5,3.9,36444
Albania,1693555,29.5,32.5,26.5,6947
Sudan,1650828,1.9,1.5,1.3,21549
Ghana,1643172,2.7,2.9,2.5,6530
Mauritius,1633952,64.5,66.8,62.2,1155
Latvia,1616636,42.1,47.3,43.3,4355
Libya,1546967,11.8,20.7,2.5,11809
North Macedonia,1495762,36.0,37.6,34.3,6067
Kyrgyzstan,1411946,11.0,12.7,9.4,10432
Moldova,1388566,25.9,22.9,28.9,3566
Estonia,1359926,51.3,57.0,45.6,3577
Kosovo,1274156,35.4,42.8,28.0,15307
Cyprus,1146345,65.4,67.7,62.5,2315
Malawi,1087426,2.7,3.9,2.4,8588
Bhutan,1068414,71.7,77.1,66.3,3185
Bosnia and Herzegovina,1060145,16.1,19.2,12.9,7334
Trinidad and Tobago,1045498,37.5,41.5,34.3,3358
Togo,997632,6.2,7.4,4.8,23544
Fiji,975268,54.5,65.7,43.3,9017
Mauritania,890122,11.0,7.9,0.5,2501
Malta,816767,82.7,85.1,85.0,716
Nicaragua,788502,6.0,7.7,4.4,2155
Luxembourg,783832,63.8,67.5,65.1,512
Maldives,727664,97.8,105.3,90.3,756
Jamaica,715860,13.1,19.0,8.1,1506
Zambia,702462,1.9,1.8,2.1,6706
Timor-Leste,675891,26.1,32.8,19.4,4083
Macau,649564,47.8,51.2,44.6,4123
Niger,621853,1.3,1.7,0.4,9294
Botswana,606699,12.8,17.2,9.5,2729
Iceland,551110,77.2,78.8,77.2,985
Syria,533949,–,–,–,23498
Guyana,533843,34.0,44.8,23.2,3349
Somalia,464359,1.5,1.7,1.2,10602
Cameroon,461201,0.9,1.5,0.3,1267
Montenegro,450451,36.2,38.3,33.6,2039
Brunei,443676,48.2,58.7,37.8,5475
Madagascar,417648,0.8,0.7,0.7,5145
Cape Verde,414300,37.7,51.7,21.8,4083
Armenia,408535,6.9,8.9,4.8,5965
Namibia,407502,8.3,10.5,6.5,4761
Mali,405053,1.1,1.7,0.5,1290
Suriname,391985,32.8,37.6,28.0,2161
Tanzania,389807,0.3,–,–,5687
Equatorial Guinea,387510,14.2,16.4,12.1,2622
Comoros,336863,19.3,20.0,18.5,249
Lesotho,332954,8.1,12.2,11.7,6246
Republic of the Congo,329905,3.6,4.7,2.5,1525
Yemen,322934,0.5,1.0,0.1,244
Belize,304218,37.3,47.6,28.2,2894
Liberia,284246,3.1,2.3,0.6,9750
Burkina Faso,254545,0.6,1.2,0.8,8839
Eswatini,240002,10.8,18.7,17.9,1275
Barbados,234124,40.8,46.1,35.5,1517
Sierra Leone,232375,1.5,2.4,0.5,805
Benin,226269,1.0,1.3,0.2,1696
Gambia,207195,4.4,7.8,7.1,357
Central African Republic,187160,2.0,3.0,0.2,212
Curaçao,186793,57.3,60.0,54.6,231
Bahamas,184461,24.2,30.0,18.4,411
Gabon,180320,4.3,4.9,3.8,1283
Papua New Guinea,164776,1.0,1.4,0.5,2517
Aruba,155660,69.5,72.5,66.5,146
Jersey,150891,–,–,–,80
Samoa,149431,37.2,49.3,25.0,981
Seychelles,148402,77.3,80.5,74.1,154
Chad,142548,0.4,0.7,0.2,2785
DR Congo,134945,0.1,0.1,0.1,637
Isle of Man,129302,76.1,77.0,75.1,232
Cayman Islands,109789,84.5,84.4,84.4,1251
South Sudan,103751,0.4,0.6,0.2,1102
Greenland,102357,89.8,124.5,64.3,300
Guernsey,101898,–,–,–,45
Solomon Islands,97744,7.6,11.6,3.6,2902
Guinea-Bissau,94715,2.7,4.9,0.4,3807
Andorra,93430,60.7,67.0,54.3,98
Bermuda,86676,68.8,69.6,68.0,60
Antigua and Barbuda,86542,44.6,49.4,38.0,749
Sao Tome and Principe,82679,19.4,28.4,8.5,2448
Gibraltar,79502,116.9,117.4,116.4,28
St. Lucia,75827,21.1,24.9,17.2,583
Faroe Islands,73959,75.5,77.5,73.5,86
Tonga,73603,36.8,46.1,27.5,274
Micronesia,72085,34.7,41.6,–,297
Djibouti,67229,3.1,3.8,2.4,174
Haiti,64799,0.3,0.4,0.2,588
Grenada,55663,25.5,30.4,20.7,579
Turks & Caicos,52374,68.9,72.2,65.6,77
Monaco,49980,64.1,68.4,59.8,120
Sint Maarten,49310,58.7,61.2,56.2,22
Saint Kitts and Nevis,47098,41.3,44.2,38.5,31
San Marino,47088,69.2,71.8,71.8,11
Dominica,44624,31.4,33.3,29.6,82
Turkmenistan,41993,0.4,0.6,0.2,–
St. Vincent and the Grenadines,33077,15.0,18.2,11.9,113
Anguilla,18584,61.9,63.3,60.6,2
Nauru,14863,57.2,58.6,55.8,4
St. Helena,7892,65.8,72.7,58.9,8
Falkland Islands,4407,73.5,87.7,59.2,202
Montserrat,2871,28.7,29.7,27.8,2
Eritrea,–,–,–,–,–
